Nr paczki;Liczba laptopów
a_0;18
n_1;20
s_2;88
l_3;156
z_4;6
m_5;173
p_6;83
z_7;19
y_8;111
h_9;112
f_10;31
s_11;7
h_12;13
u_13;189
h_14;61
c_15;128
x_16;156
p_17;73
j_18;13
i_19;69
j_20;103
a_21;127
q_22;103
u_23;72
d_24;53
s_25;29
i_26;39
o_27;187
k_28;133
t_29;6
m_30;125
k_31;50
d_32;113
x_33;21
x_34;43
c_35;5
l_36;164
b_37;54
w_38;161
i_39;88
k_40;76
q_41;115
o_42;89
o_43;33
f_44;71
n_45;175
e_46;94
x_47;174
f_48;177
v_49;58
g_50;18
b_51;49
f_52;21
x_53;190
e_54;47
e_55;11
c_56;91
q_57;155
b_58;39
c_59;162
x_60;16
v_61;50
i_62;3
i_63;52
c_64;22
w_65;133
q_66;48
a_67;30
c_68;13
b_69;3
t_70;48
m_71;34
k_72;58
m_73;23
z_74;120
z_75;100
a_76;98
y_77;53
c_78;24
d_79;164
r_80;195
c_81;170
f_82;190
n_83;65
j_84;32
m_85;60
m_86;18
c_87;153
p_88;202
u_89;107
p_90;153
b_91;26
d_92;99
d_93;183
w_94;17
i_95;44
e_96;21
e_97;48
k_98;44
l_99;43
s_100;113
f_101;164
m_102;31
k_103;99
z_104;6
p_105;151
l_106;170
l_107;173
d_108;62
z_109;60
m_110;14
r_111;112
l_112;204
w_113;191
m_114;158
u_115;13
z_116;101
y_117;87
l_118;24
y_119;109
g_120;149
h_121;135
p_122;55
x_123;170
o_124;113
v_125;107
f_126;61
s_127;57
u_128;141
p_129;191
p_130;62
y_131;174
c_132;35
b_133;61
z_134;22
g_135;175
o_136;96
w_137;62
l_138;136
f_139;197
e_140;85
i_141;112
o_142;79
l_143;154
a_144;179
s_145;176
d_146;90
x_147;189
n_148;136
p_149;136
w_150;43
i_151;170
p_152;118
v_153;164
n_154;85
p_155;149
s_156;58
m_157;149
j_158;116
y_159;169
q_160;139
o_161;95
x_162;51
s_163;195
o_164;167
f_165;13
e_166;60
w_167;23
f_168;83
a_169;68
h_170;177
r_171;56
r_172;155
y_173;34
u_174;192
r_175;103
p_176;78
u_177;131
o_178;209
g_179;87
c_180;134
q_181;81
a_182;31
g_183;15
p_184;100
u_185;21
q_186;156
b_187;53
l_188;21
o_189;182
y_190;91
o_191;7
k_192;19
h_193;162
e_194;4
n_195;40
e_196;32
x_197;152
s_198;139
l_199;77
t_200;101
z_201;111
u_202;48
r_203;121
p_204;46
j_205;77
m_206;3
a_207;117
v_208;179
g_209;52
x_210;70
d_211;122
u_212;66
v_213;131
u_214;138
i_215;89
w_216;46
u_217;152
l_218;67
j_219;53
e_220;103
l_221;18
u_222;69
c_223;18
c_224;164
y_225;79
h_226;9
p_227;193
k_228;4
l_229;193
d_230;119
d_231;52
t_232;19
v_233;35
b_234;182
x_235;39
m_236;5
n_237;54
g_238;121
q_239;92
h_240;27
q_241;150
x_242;44
m_243;52
f_244;136
l_245;165
c_246;63
b_247;136
s_248;13
d_249;170
h_250;57
r_251;161
n_252;15
q_253;190
c_254;75
r_255;77
v_256;191
c_257;56
w_258;101
m_259;149
e_260;147
n_261;40
b_262;180
t_263;54
s_264;51
z_265;169
s_266;191
x_267;177
m_268;198
p_269;211
p_270;127
v_271;29
h_272;36
l_273;155
m_274;151
g_275;21
o_276;159
s_277;44
k_278;132
v_279;45
j_280;8
g_281;177
s_282;95
r_283;18
e_284;164
l_285;39
a_286;157
y_287;124
c_288;104
t_289;87
n_290;189
j_291;108
t_292;11
q_293;105
j_294;188
i_295;120
p_296;127
x_297;81
g_298;51
s_299;162
z_300;58
p_301;63
p_302;139
j_303;170
q_304;16
z_305;178
o_306;28
h_307;11
l_308;52
k_309;18
z_310;159
y_311;71
g_312;21
h_313;181
q_314;59
i_315;92
w_316;112
y_317;84
w_318;168
q_319;103
f_320;186
b_321;60
v_322;40
n_323;158
p_324;52
q_325;111
n_326;187
n_327;108
y_328;201
b_329;174
u_330;44
o_331;130
h_332;34
l_333;49
c_334;130
y_335;33
n_336;187
q_337;149
q_338;46
p_339;126
i_340;94
n_341;67
z_342;37
p_343;188
d_344;163
e_345;124
l_346;82
p_347;157
x_348;22
v_349;57
z_350;147
h_351;36
i_352;66
q_353;194
k_354;124
a_355;116
k_356;119
x_357;13
y_358;72
w_359;35
q_360;128
p_361;4
s_362;107
b_363;59
p_364;24
t_365;88
z_366;131
v_367;95
g_368;23
b_369;9
o_370;57
g_371;100
o_372;158
h_373;44
o_374;12
o_375;42
c_376;147
t_377;118
x_378;11
t_379;186
t_380;191
e_381;78
r_382;72
k_383;153
w_384;179
k_385;183
k_386;168
m_387;203
q_388;172
i_389;142
v_390;148
f_391;156
l_392;93
b_393;35
i_394;54
g_395;97
i_396;141
e_397;183
m_398;139
o_399;91
u_400;157
b_401;163
m_402;19
q_403;188
o_404;94
r_405;99
c_406;80
z_407;171
m_408;15
d_409;113
g_410;83
w_411;43
q_412;5
m_413;130
a_414;112
h_415;66
p_416;66
w_417;106
p_418;17
s_419;45
k_420;157
n_421;30
z_422;173
g_423;12
k_424;47
s_425;7
p_426;70
l_427;119
d_428;80
c_429;158
l_430;53
r_431;161
o_432;93
g_433;126
u_434;103
s_435;146
m_436;59
r_437;163
z_438;79
e_439;48
s_440;32
q_441;135
d_442;72
b_443;168
a_444;4
d_445;196
w_446;16
r_447;200
h_448;171
i_449;188
x_450;117
y_451;30
u_452;181
e_453;173
g_454;166
r_455;165
t_456;93
o_457;74
f_458;138
o_459;110
k_460;186
r_461;183
w_462;3
p_463;115
p_464;161
k_465;25
c_466;139
g_467;159
i_468;102
d_469;193
m_470;185
f_471;74
g_472;87
o_473;43
u_474;135
u_475;43
p_476;80
x_477;153
z_478;11
s_479;184
f_480;159
k_481;174
w_482;93
i_483;68
q_484;78
z_485;107
a_486;146
l_487;182
w_488;85
h_489;170
m_490;56
r_491;110
m_492;127
c_493;121
t_494;128
o_495;158
b_496;158
l_497;99
l_498;165
k_499;132
w_500;6
d_501;22
q_502;11
z_503;181
z_504;139
k_505;59
r_506;35
b_507;56
c_508;41
b_509;73
j_510;62
r_511;52
n_512;163
d_513;57
j_514;88
i_515;85
l_516;58
w_517;145
r_518;98
u_519;27
t_520;130
q_521;158
f_522;37
u_523;69
j_524;10
s_525;109
b_526;81
q_527;77
k_528;150
u_529;78
p_530;106
d_531;138
r_532;97
u_533;113
s_534;121
g_535;118
e_536;187
k_537;86
f_538;82
l_539;47
d_540;27
z_541;116
f_542;83
b_543;30
y_544;152
v_545;4
x_546;183
t_547;30
j_548;131
q_549;84
z_550;106
m_551;75
o_552;169
v_553;87
m_554;194
t_555;88
d_556;92
l_557;143
y_558;141
t_559;14
c_560;29
m_561;141
z_562;95
x_563;195
m_564;172
e_565;194
e_566;160
o_567;75
p_568;149
c_569;142
w_570;130
a_571;66
g_572;7
f_573;120
j_574;116
v_575;114
b_576;53
k_577;125
t_578;173
z_579;145
e_580;173
v_581;86
z_582;69
q_583;106
k_584;72
w_585;23
v_586;126
x_587;92
h_588;127
f_589;80
u_590;78
d_591;197
t_592;133
x_593;89
h_594;83
y_595;198
r_596;106
v_597;26
z_598;104
k_599;79
k_600;41
m_601;112
g_602;129
c_603;7
c_604;97
f_605;141
d_606;177
t_607;62
j_608;104
i_609;69
v_610;97
e_611;83
c_612;190
v_613;81
p_614;30
k_615;191
d_616;152
x_617;100
q_618;134
d_619;192
d_620;31
i_621;152
g_622;199
f_623;32
l_624;186
r_625;9
g_626;17
u_627;163
a_628;105
c_629;138
z_630;88
a_631;11
d_632;48
w_633;40
v_634;131
s_635;83
n_636;71
d_637;131
a_638;23
r_639;112
o_640;55
b_641;84
e_642;137
r_643;188
j_644;193
b_645;117
r_646;26
e_647;140
h_648;116
f_649;178
v_650;54
s_651;184
b_652;121
v_653;32
w_654;181
b_655;179
p_656;145
r_657;142
n_658;187
j_659;46
s_660;171
d_661;110
i_662;123
o_663;49
i_664;112
t_665;49
o_666;156
n_667;42
v_668;10
e_669;112
w_670;132
h_671;114
w_672;87
e_673;90
g_674;159
u_675;47
a_676;167
v_677;137
g_678;199
a_679;16
d_680;101
g_681;137
t_682;65
w_683;156
l_684;129
v_685;92
e_686;178
h_687;103
h_688;166
v_689;190
v_690;78
g_691;164
t_692;164
q_693;69
b_694;8
u_695;22
e_696;156
d_697;11
x_698;181
v_699;172
g_700;122
g_701;191
r_702;49
n_703;50
h_704;34
d_705;54
e_706;136
t_707;84
r_708;162
x_709;162
s_710;70
g_711;47
l_712;36
a_713;95
e_714;8
i_715;171
f_716;73
k_717;28
g_718;50
u_719;87
f_720;171
d_721;135
l_722;15
p_723;109
n_724;126
t_725;159
u_726;168
x_727;22
j_728;42
u_729;93
i_730;168
o_731;165
f_732;73
p_733;164
y_734;146
b_735;88
t_736;51
k_737;5
m_738;142
w_739;198
s_740;191
p_741;177
j_742;20
e_743;38
b_744;33
l_745;158
w_746;157
j_747;102
a_748;202
c_749;70
q_750;123
y_751;44
g_752;173
d_753;162
d_754;171
o_755;104
e_756;165
q_757;80
d_758;183
x_759;3
n_760;94
h_761;137
o_762;150
a_763;44
u_764;59
w_765;95
j_766;182
e_767;183
t_768;170
m_769;160
o_770;133
b_771;176
s_772;119
n_773;126
z_774;133
n_775;206
t_776;105
n_777;86
g_778;33
h_779;194
w_780;115
g_781;44
f_782;99
f_783;102
s_784;84
s_785;121
r_786;139
u_787;130
i_788;34
h_789;125
v_790;166
u_791;89
g_792;99
i_793;161
j_794;70
m_795;157
z_796;182
n_797;48
p_798;199
t_799;198
r_800;39
x_801;168
i_802;21
m_803;73
a_804;189
q_805;165
g_806;93
k_807;80
b_808;59
b_809;96
c_810;97
t_811;165
r_812;83
m_813;81
p_814;74
n_815;17
t_816;76
i_817;49
l_818;179
f_819;125
u_820;177
x_821;48
h_822;172
e_823;141
i_824;119
x_825;87
v_826;26
b_827;117
d_828;171
a_829;40
n_830;65
n_831;118
r_832;199
b_833;60
y_834;112
s_835;26
w_836;56
d_837;192
f_838;82
g_839;186
w_840;90
j_841;17
y_842;112
s_843;86
s_844;161
k_845;18
t_846;81
m_847;44
x_848;25
j_849;120
o_850;148
j_851;147
g_852;45
l_853;86
v_854;132
v_855;81
e_856;154
o_857;5
g_858;21
h_859;14
y_860;178
v_861;185
i_862;160
a_863;60
p_864;5
x_865;173
x_866;127
q_867;205
i_868;186
f_869;186
u_870;151
r_871;151
o_872;184
o_873;144
e_874;63
d_875;148
t_876;117
w_877;27
n_878;144
j_879;92
a_880;77
e_881;69
d_882;129
o_883;90
i_884;23
a_885;101
l_886;60
y_887;80
j_888;10
f_889;80
a_890;4
o_891;34
q_892;155
q_893;48
i_894;38
x_895;140
b_896;94
o_897;50
n_898;58
d_899;178
u_900;15
k_901;181
l_902;75
k_903;142
p_904;34
e_905;178
a_906;64
r_907;56
g_908;38
l_909;121
c_910;124
w_911;21
n_912;107
p_913;105
k_914;6
k_915;129
d_916;19
a_917;195
f_918;137
v_919;20
w_920;31
i_921;48
d_922;95
h_923;64
z_924;5
i_925;88
l_926;35
c_927;95
w_928;129
k_929;115
e_930;49
v_931;177
r_932;21
v_933;131
b_934;14
t_935;95
s_936;21
w_937;50
d_938;92
y_939;179
v_940;49
d_941;71
b_942;124
h_943;62
k_944;17
o_945;21
v_946;42
a_947;62
b_948;116
s_949;75
a_950;98
h_951;126
x_952;107
o_953;63
m_954;133
q_955;12
l_956;70
f_957;133
b_958;90
n_959;18
v_960;82
q_961;157
m_962;25
x_963;100
g_964;17
a_965;27
l_966;41
l_967;185
x_968;53
h_969;89
x_970;176
n_971;189
c_972;153
m_973;121
z_974;176
x_975;120
l_976;165
f_977;189
t_978;118
m_979;153
w_980;111
w_981;118
n_982;75
i_983;47
t_984;3
y_985;4
t_986;114
l_987;191
i_988;118
t_989;65
m_990;168
d_991;74
m_992;84
t_993;30
k_994;12
l_995;179
x_996;93
p_997;113
w_998;127
w_999;140
k_1000;172
s_1001;143
w_1002;32
o_1003;132
i_1004;99
q_1005;169
x_1006;111
w_1007;131
l_1008;116
i_1009;64
s_1010;145
x_1011;168
u_1012;174
b_1013;149
w_1014;143
h_1015;12
e_1016;178
t_1017;65
g_1018;172
m_1019;5
p_1020;56
r_1021;133
w_1022;131
a_1023;168
g_1024;176
d_1025;184
e_1026;106
u_1027;136
k_1028;126
x_1029;167
d_1030;121
c_1031;119
f_1032;110
z_1033;106
j_1034;17
s_1035;176
x_1036;143
x_1037;21
h_1038;198
a_1039;103
u_1040;44
d_1041;29
a_1042;15
h_1043;57
m_1044;10
r_1045;64
n_1046;5
x_1047;65
k_1048;6
h_1049;207
o_1050;43
n_1051;112
o_1052;179
l_1053;111
o_1054;146
g_1055;35
k_1056;69
r_1057;117
i_1058;98
e_1059;157
s_1060;57
s_1061;38
l_1062;135
j_1063;9
m_1064;161
k_1065;82
c_1066;118
v_1067;92
b_1068;4
q_1069;8
g_1070;185
x_1071;188
u_1072;129
r_1073;169
h_1074;31
b_1075;184
e_1076;102
y_1077;88
n_1078;18
x_1079;176
k_1080;54
j_1081;71
n_1082;68
p_1083;169
b_1084;75
j_1085;133
j_1086;162
o_1087;189
s_1088;40
y_1089;11
d_1090;53
f_1091;13
x_1092;26
s_1093;191
e_1094;194
n_1095;94
g_1096;193
h_1097;135
z_1098;136
r_1099;128
x_1100;187
r_1101;170
x_1102;75
p_1103;66
d_1104;103
q_1105;94
l_1106;154
q_1107;4
m_1108;27
a_1109;25
s_1110;61
w_1111;127
e_1112;85
k_1113;92
p_1114;56
f_1115;60
x_1116;149
l_1117;39
e_1118;182
o_1119;153
i_1120;113
d_1121;25
d_1122;39
h_1123;139
d_1124;84
r_1125;93
j_1126;5
d_1127;110
x_1128;87
k_1129;148
s_1130;130
w_1131;62
x_1132;140
j_1133;65
o_1134;5
z_1135;123
v_1136;184
e_1137;132
b_1138;76
f_1139;34
s_1140;146
t_1141;154
i_1142;156
w_1143;153
s_1144;106
k_1145;155
k_1146;26
u_1147;82
e_1148;100
b_1149;81
f_1150;33
m_1151;76
n_1152;8
z_1153;77
e_1154;151
s_1155;178
h_1156;80
h_1157;69
p_1158;97
b_1159;64
v_1160;187
t_1161;143
b_1162;194
k_1163;68
j_1164;34
k_1165;166
i_1166;180
x_1167;84
p_1168;199
w_1169;66
n_1170;81
t_1171;127
o_1172;183
i_1173;18
v_1174;106
f_1175;38
t_1176;61
q_1177;170
j_1178;71
i_1179;15
k_1180;95
i_1181;170
t_1182;81
u_1183;179
f_1184;58
g_1185;31
w_1186;14
f_1187;157
j_1188;155
x_1189;120
x_1190;9
x_1191;41
u_1192;51
t_1193;99
j_1194;45
e_1195;26
x_1196;158
y_1197;121
a_1198;175
j_1199;35
p_1200;152
m_1201;88
d_1202;126
m_1203;139
z_1204;173
l_1205;103
n_1206;96
l_1207;6
w_1208;49
j_1209;70
s_1210;90
q_1211;33
j_1212;156
u_1213;45
y_1214;16
s_1215;94
g_1216;37
x_1217;36
t_1218;197
s_1219;67
t_1220;148
z_1221;176
x_1222;135
h_1223;97
b_1224;48
o_1225;9
a_1226;20
e_1227;201
l_1228;104
h_1229;9
x_1230;58
w_1231;162
z_1232;89
c_1233;112
s_1234;175
p_1235;162
n_1236;51
m_1237;124
x_1238;158
n_1239;106
f_1240;13
n_1241;151
z_1242;173
q_1243;150
w_1244;158
b_1245;103
h_1246;58
o_1247;70
e_1248;12
f_1249;166
j_1250;20
t_1251;3
x_1252;137
d_1253;115
q_1254;53
w_1255;8
w_1256;130
q_1257;16
m_1258;159
m_1259;211
e_1260;173
l_1261;168
k_1262;98
e_1263;7
w_1264;119
q_1265;49
a_1266;174
r_1267;83
s_1268;62
z_1269;11
m_1270;165
o_1271;62
y_1272;182
a_1273;30
l_1274;91
y_1275;155
t_1276;182
s_1277;148
m_1278;140
z_1279;182
s_1280;201
i_1281;91
d_1282;152
a_1283;7
n_1284;119
c_1285;166
y_1286;168
o_1287;7
p_1288;83
k_1289;50
k_1290;141
p_1291;83
g_1292;67
h_1293;160
h_1294;62
f_1295;173
c_1296;92
h_1297;34
b_1298;60
c_1299;147
n_1300;124
z_1301;23
l_1302;128
a_1303;45
f_1304;53
n_1305;96
n_1306;33
b_1307;138
k_1308;172
y_1309;88
z_1310;66
d_1311;10
a_1312;174
b_1313;65
k_1314;160
w_1315;26
e_1316;175
o_1317;96
o_1318;86
x_1319;35
j_1320;134
m_1321;54
u_1322;71
r_1323;91
d_1324;108
l_1325;149
t_1326;126
d_1327;123
h_1328;188
n_1329;23
z_1330;60
p_1331;82
c_1332;174
c_1333;46
w_1334;58
n_1335;158
n_1336;154
q_1337;52
j_1338;183
h_1339;67
c_1340;87
u_1341;187
y_1342;121
k_1343;95
g_1344;68
f_1345;49
f_1346;94
j_1347;99
c_1348;185
h_1349;31
i_1350;62
m_1351;67
s_1352;28
c_1353;86
c_1354;120
w_1355;161
m_1356;8
h_1357;94
j_1358;53
y_1359;163
r_1360;49
k_1361;47
w_1362;167
f_1363;121
z_1364;135
u_1365;172
g_1366;76
g_1367;55
b_1368;6
b_1369;60
z_1370;196
a_1371;28
d_1372;100
t_1373;48
f_1374;196
f_1375;181
t_1376;180
z_1377;113
g_1378;187
n_1379;126
z_1380;130
q_1381;126
a_1382;100
z_1383;95
a_1384;27
o_1385;161
s_1386;169
q_1387;126
v_1388;117
f_1389;131
b_1390;39
f_1391;5
v_1392;87
l_1393;82
z_1394;192
t_1395;128
z_1396;77
e_1397;87
t_1398;98
b_1399;25
d_1400;60
d_1401;159
f_1402;21
x_1403;125
t_1404;10
k_1405;138
b_1406;201
s_1407;14
b_1408;133
k_1409;153
c_1410;20
t_1411;97
j_1412;25
y_1413;42
m_1414;82
e_1415;124
n_1416;14
x_1417;37
i_1418;190
v_1419;53
c_1420;7
z_1421;69
g_1422;154
u_1423;29
t_1424;139
u_1425;63
l_1426;109
j_1427;178
f_1428;154
i_1429;176
j_1430;55
y_1431;40
r_1432;32
q_1433;97
i_1434;118
z_1435;106
q_1436;186
b_1437;56
q_1438;173
z_1439;60
i_1440;86
s_1441;122
b_1442;126
m_1443;137
h_1444;61
b_1445;58
e_1446;169
p_1447;68
t_1448;14
h_1449;190
h_1450;42
g_1451;49
x_1452;126
o_1453;133
j_1454;44
d_1455;139
n_1456;41
x_1457;75
j_1458;179
k_1459;147
p_1460;10
y_1461;29
v_1462;10
b_1463;144
a_1464;201
a_1465;28
l_1466;124
s_1467;16
i_1468;204
l_1469;133
c_1470;21
y_1471;134
w_1472;149
c_1473;56
a_1474;152
o_1475;76
l_1476;113
u_1477;100
x_1478;84
u_1479;127
z_1480;156
g_1481;5
f_1482;42
p_1483;128
i_1484;128
z_1485;171
x_1486;146
r_1487;25
n_1488;105
q_1489;181
p_1490;81
t_1491;182
b_1492;117
a_1493;129
h_1494;101
e_1495;71
k_1496;104
d_1497;179
c_1498;134
q_1499;53
b_1500;139
x_1501;64
l_1502;84
w_1503;76
p_1504;149
r_1505;4
b_1506;42
v_1507;25
b_1508;23
s_1509;159
z_1510;128
i_1511;117
l_1512;40
w_1513;64
w_1514;56
g_1515;92
y_1516;160
r_1517;10
m_1518;103
s_1519;153
x_1520;50
t_1521;171
e_1522;184
l_1523;130
j_1524;157
y_1525;202
l_1526;127
w_1527;126
r_1528;44
l_1529;36
t_1530;19
l_1531;150
i_1532;146
s_1533;44
k_1534;75
p_1535;161
n_1536;101
b_1537;82
k_1538;131
v_1539;119
i_1540;34
t_1541;72
c_1542;68
z_1543;100
j_1544;101
h_1545;142
j_1546;73
r_1547;27
v_1548;144
a_1549;119
v_1550;200
y_1551;57
c_1552;104
m_1553;78
k_1554;67
d_1555;128
k_1556;157
u_1557;39
y_1558;73
j_1559;99
j_1560;177
l_1561;169
d_1562;58
o_1563;42
h_1564;7
w_1565;117
n_1566;156
p_1567;144
n_1568;30
z_1569;161
n_1570;82
v_1571;93
i_1572;87
i_1573;10
f_1574;164
b_1575;150
a_1576;156
i_1577;106
o_1578;134
d_1579;144
h_1580;57
b_1581;33
l_1582;198
z_1583;167
i_1584;73
i_1585;12
d_1586;192
g_1587;73
l_1588;79
v_1589;51
x_1590;158
p_1591;169
v_1592;36
p_1593;62
c_1594;141
y_1595;139
o_1596;119
o_1597;81
w_1598;24
h_1599;135
c_1600;29
y_1601;85
i_1602;45
k_1603;34
r_1604;156
e_1605;88
c_1606;147
z_1607;118
a_1608;87
t_1609;47
p_1610;14
u_1611;109
r_1612;72
c_1613;86
l_1614;176
v_1615;191
r_1616;147
j_1617;200
a_1618;4
o_1619;31
e_1620;78
k_1621;73
c_1622;135
p_1623;171
h_1624;170
v_1625;59
y_1626;109
p_1627;58
y_1628;93
v_1629;173
j_1630;188
d_1631;157
z_1632;134
h_1633;167
c_1634;111
w_1635;53
t_1636;178
u_1637;31
d_1638;164
g_1639;198
z_1640;111
e_1641;159
y_1642;74
w_1643;189
v_1644;77
n_1645;134
e_1646;74
h_1647;208
q_1648;182
p_1649;16
f_1650;24
h_1651;148
f_1652;63
u_1653;81
o_1654;48
p_1655;74
j_1656;83
f_1657;81
t_1658;177
v_1659;32
l_1660;112
f_1661;55
y_1662;132
n_1663;164
q_1664;35
b_1665;25
n_1666;105
n_1667;47
e_1668;52
m_1669;187
a_1670;104
m_1671;74
x_1672;179
s_1673;184
p_1674;42
u_1675;109
v_1676;187
x_1677;148
k_1678;176
b_1679;124
x_1680;55
n_1681;73
u_1682;178
u_1683;173
r_1684;174
t_1685;24
k_1686;78
b_1687;28
f_1688;145
e_1689;11
q_1690;90
b_1691;179
v_1692;169
d_1693;76
q_1694;173
j_1695;113
q_1696;177
o_1697;104
v_1698;114
s_1699;70
j_1700;131
u_1701;188
v_1702;22
x_1703;201
c_1704;88
x_1705;65
z_1706;127
i_1707;113
h_1708;191
w_1709;154
m_1710;21
x_1711;88
m_1712;118
z_1713;51
f_1714;99
z_1715;28
o_1716;180
y_1717;131
a_1718;64
v_1719;40
b_1720;59
a_1721;148
z_1722;3
v_1723;116
u_1724;196
c_1725;153
e_1726;186
z_1727;95
z_1728;120
n_1729;64
i_1730;75
l_1731;188
m_1732;201
y_1733;143
d_1734;168
r_1735;155
l_1736;75
j_1737;52
k_1738;108
i_1739;8
b_1740;168
a_1741;43
f_1742;51
a_1743;38
v_1744;87
n_1745;90
o_1746;174
i_1747;116
i_1748;156
n_1749;13
m_1750;10
y_1751;178
s_1752;47
n_1753;50
o_1754;134
f_1755;85
r_1756;180
d_1757;12
c_1758;46
f_1759;26
k_1760;81
d_1761;92
n_1762;122
s_1763;7
v_1764;195
k_1765;41
i_1766;205
f_1767;27
y_1768;64
b_1769;72
i_1770;73
s_1771;143
e_1772;96
e_1773;6
d_1774;86
w_1775;31
y_1776;111
o_1777;95
o_1778;188
f_1779;166
p_1780;174
r_1781;45
a_1782;127
i_1783;54
e_1784;57
e_1785;56
d_1786;141
t_1787;92
i_1788;170
b_1789;28
l_1790;143
m_1791;158
j_1792;130
s_1793;76
g_1794;4
f_1795;190
t_1796;46
e_1797;117
w_1798;86
w_1799;139
v_1800;136
i_1801;120
n_1802;141
i_1803;114
c_1804;32
w_1805;160
e_1806;83
b_1807;101
c_1808;128
y_1809;121
z_1810;87
i_1811;11
l_1812;129
i_1813;160
a_1814;58
x_1815;135
k_1816;36
n_1817;103
q_1818;109
a_1819;136
r_1820;118
i_1821;135
q_1822;166
o_1823;130
u_1824;133
l_1825;102
r_1826;42
p_1827;68
t_1828;73
z_1829;203
v_1830;17
q_1831;141
z_1832;66
w_1833;85
a_1834;177
l_1835;172
j_1836;71
g_1837;67
g_1838;89
j_1839;74
z_1840;114
e_1841;121
u_1842;36
s_1843;31
h_1844;72
g_1845;62
f_1846;36
v_1847;131
w_1848;169
i_1849;195
g_1850;140
u_1851;150
l_1852;121
l_1853;26
l_1854;130
h_1855;155
x_1856;121
n_1857;159
v_1858;147
w_1859;19
h_1860;107
f_1861;154
g_1862;7
r_1863;69
e_1864;58
b_1865;84
b_1866;28
j_1867;95
c_1868;71
m_1869;32
p_1870;120
k_1871;138
l_1872;193
l_1873;51
f_1874;120
t_1875;41
r_1876;36
h_1877;67
l_1878;128
k_1879;54
p_1880;191
t_1881;43
n_1882;176
v_1883;103
o_1884;170
j_1885;193
o_1886;5
w_1887;202
i_1888;87
f_1889;83
s_1890;119
i_1891;90
t_1892;140
u_1893;50
r_1894;89
y_1895;33
o_1896;187
p_1897;37
k_1898;92
m_1899;61
v_1900;82
w_1901;156
x_1902;123
f_1903;176
b_1904;153
q_1905;172
d_1906;83
p_1907;46
d_1908;192
z_1909;84
k_1910;168
l_1911;156
i_1912;85
m_1913;87
s_1914;54
z_1915;51
u_1916;52
s_1917;189
q_1918;51
r_1919;95
k_1920;24
g_1921;41
u_1922;123
e_1923;144
f_1924;171
f_1925;53
w_1926;143
r_1927;185
n_1928;49
h_1929;141
o_1930;20
t_1931;181
g_1932;11
k_1933;65
x_1934;71
a_1935;50
z_1936;103
n_1937;134
p_1938;93
r_1939;67
y_1940;142
j_1941;151
g_1942;115
q_1943;46
w_1944;32
e_1945;201
b_1946;169
o_1947;5
n_1948;172
n_1949;110
b_1950;41
k_1951;89
p_1952;171
c_1953;52
h_1954;12
e_1955;107
o_1956;156
c_1957;121
s_1958;168
o_1959;165
b_1960;86
c_1961;170
r_1962;37
u_1963;80
d_1964;138
l_1965;28
d_1966;175
v_1967;3
f_1968;79
g_1969;144
u_1970;63
n_1971;111
u_1972;59
v_1973;142
t_1974;178
b_1975;170
x_1976;164
d_1977;106
o_1978;191
h_1979;174
d_1980;124
f_1981;103
b_1982;117
j_1983;101
x_1984;8
k_1985;65
j_1986;36
m_1987;43
f_1988;62
t_1989;112
t_1990;83
o_1991;142
i_1992;120
m_1993;4
t_1994;150
l_1995;90
k_1996;187
r_1997;165
b_1998;189
j_1999;177
o_2000;165
t_2001;35
f_2002;27
x_2003;23
v_2004;78
t_2005;176
y_2006;31
b_2007;109
x_2008;153
j_2009;121
p_2010;139
q_2011;107
u_2012;139
e_2013;169
s_2014;81
z_2015;49
a_2016;52
r_2017;83
z_2018;28
i_2019;111
g_2020;119
c_2021;6
h_2022;93
j_2023;30
h_2024;36
z_2025;42
i_2026;60
q_2027;52
a_2028;137
i_2029;195
i_2030;18
e_2031;188
b_2032;198
u_2033;178
s_2034;179
h_2035;56
x_2036;162
r_2037;11
d_2038;139
w_2039;169
g_2040;181
r_2041;72
a_2042;104
p_2043;51
p_2044;124
u_2045;119
j_2046;136
s_2047;109
t_2048;46
n_2049;132
h_2050;147
w_2051;113
x_2052;23
b_2053;72
i_2054;31
x_2055;137
j_2056;93
a_2057;106
i_2058;17
z_2059;98
d_2060;9
v_2061;124
i_2062;57
k_2063;160
q_2064;56
b_2065;172
u_2066;86
d_2067;190
j_2068;68
m_2069;108
m_2070;147
k_2071;60
w_2072;11
g_2073;96
g_2074;57
n_2075;139
g_2076;53
k_2077;77
g_2078;190
a_2079;18
q_2080;179
l_2081;18
f_2082;186
g_2083;79
h_2084;176
r_2085;83
o_2086;189
q_2087;150
o_2088;8
b_2089;4
a_2090;18
f_2091;158
p_2092;204
e_2093;204
x_2094;8
x_2095;30
c_2096;41
r_2097;19
u_2098;197
g_2099;202
l_2100;56
w_2101;136
o_2102;62
k_2103;78
n_2104;7
b_2105;163
x_2106;180
k_2107;160
z_2108;35
s_2109;150
v_2110;75
o_2111;6
l_2112;50
g_2113;194
f_2114;148
r_2115;31
a_2116;190
w_2117;174
q_2118;156
c_2119;36
t_2120;168
w_2121;154
c_2122;61
m_2123;59
t_2124;69
l_2125;165
r_2126;124
r_2127;88
y_2128;67
n_2129;26
e_2130;99
y_2131;141
r_2132;170
j_2133;46
d_2134;129
b_2135;125
m_2136;64
f_2137;109
x_2138;90
a_2139;177
d_2140;43
o_2141;117
h_2142;107
b_2143;107
t_2144;149
r_2145;79
n_2146;138
g_2147;140
w_2148;36
m_2149;6
m_2150;19
s_2151;3
m_2152;194
z_2153;151
e_2154;115
m_2155;192
h_2156;52
i_2157;53
y_2158;148
t_2159;87
y_2160;100
i_2161;183
l_2162;109
p_2163;180
t_2164;89
k_2165;156
j_2166;134
l_2167;144
r_2168;63
x_2169;100
s_2170;94
y_2171;57
q_2172;144
l_2173;86
o_2174;20
z_2175;70
d_2176;134
h_2177;68
k_2178;100
u_2179;74
m_2180;84
k_2181;27
g_2182;93
e_2183;106
p_2184;194
u_2185;4
h_2186;8
i_2187;35
n_2188;48
m_2189;178
r_2190;87
x_2191;154
t_2192;63
e_2193;53
y_2194;183
e_2195;97
p_2196;63
b_2197;27
c_2198;170
j_2199;120
e_2200;94
t_2201;103
m_2202;186
a_2203;138
u_2204;191
b_2205;3
s_2206;10
i_2207;77
k_2208;34
e_2209;112
r_2210;138
j_2211;169
u_2212;60
q_2213;194
f_2214;39
m_2215;115
y_2216;72
k_2217;140
t_2218;106
k_2219;112
x_2220;78
h_2221;167
y_2222;158
z_2223;124
a_2224;100
a_2225;26
e_2226;172
v_2227;17
s_2228;164
m_2229;84
n_2230;120
a_2231;25
e_2232;46
w_2233;168
u_2234;99
y_2235;195
r_2236;188
a_2237;81
z_2238;76
k_2239;7
t_2240;167
c_2241;104
o_2242;23
g_2243;194
k_2244;153
u_2245;182
x_2246;205
w_2247;7
m_2248;147
z_2249;145
q_2250;97
c_2251;143
t_2252;151
v_2253;94
h_2254;121
c_2255;177
a_2256;139
c_2257;96
f_2258;125
i_2259;187
k_2260;137
x_2261;22
a_2262;10
u_2263;44
h_2264;60
n_2265;59
f_2266;99
i_2267;44
c_2268;60
g_2269;48
t_2270;95
a_2271;198
f_2272;135
l_2273;60
u_2274;195
l_2275;48
a_2276;160
a_2277;115
w_2278;50
l_2279;105
e_2280;111
l_2281;30
q_2282;163
o_2283;74
e_2284;150
d_2285;31
p_2286;173
w_2287;91
m_2288;7
n_2289;171
h_2290;111
f_2291;127
a_2292;69
a_2293;87
h_2294;45
a_2295;51
n_2296;163
l_2297;167
m_2298;32
q_2299;13
j_2300;158
f_2301;58
i_2302;177
l_2303;97
y_2304;167
w_2305;181
c_2306;108
n_2307;168
q_2308;92
w_2309;186
a_2310;151
l_2311;29
h_2312;56
f_2313;51
j_2314;9
o_2315;9
i_2316;49
o_2317;27
c_2318;121
n_2319;5
y_2320;128
j_2321;33
c_2322;25
k_2323;71
m_2324;74
l_2325;46
t_2326;176
t_2327;108
c_2328;88
g_2329;6
l_2330;44
s_2331;187
i_2332;122
k_2333;98
h_2334;151
l_2335;102
z_2336;84
h_2337;55
k_2338;4
a_2339;72
l_2340;30
l_2341;3
d_2342;28
o_2343;5
w_2344;6
d_2345;82
o_2346;183
g_2347;80
r_2348;41
w_2349;168
y_2350;24
x_2351;17
u_2352;72
d_2353;104
o_2354;17
c_2355;47
d_2356;77
x_2357;157
x_2358;106
m_2359;52
p_2360;79
b_2361;75
f_2362;195
n_2363;116
c_2364;71
f_2365;144
o_2366;90
s_2367;91
i_2368;6
p_2369;155
e_2370;77
y_2371;175
n_2372;131
f_2373;64
n_2374;84
n_2375;66
v_2376;135
f_2377;187
v_2378;77
v_2379;51
g_2380;103
m_2381;152
h_2382;64
g_2383;33
c_2384;119
m_2385;182
p_2386;116
t_2387;129
s_2388;37
f_2389;97
v_2390;124
r_2391;64
g_2392;139
o_2393;6
g_2394;35
v_2395;199
r_2396;47
k_2397;14
r_2398;205
d_2399;200
j_2400;136
z_2401;14
z_2402;114
d_2403;61
g_2404;83
o_2405;35
z_2406;114
e_2407;64
t_2408;186
v_2409;93
o_2410;166
k_2411;67
x_2412;163
v_2413;112
r_2414;12
n_2415;96
t_2416;167
v_2417;150
w_2418;101
l_2419;191
q_2420;67
g_2421;122
o_2422;98
e_2423;39
d_2424;125
k_2425;14
v_2426;50
o_2427;79
n_2428;134
w_2429;87
x_2430;98
w_2431;52
x_2432;83
r_2433;119
h_2434;23
x_2435;126
k_2436;27
p_2437;178
k_2438;4
h_2439;62
l_2440;29
o_2441;46
c_2442;46
q_2443;76
g_2444;136
l_2445;38
j_2446;189
o_2447;171
b_2448;163
y_2449;170
f_2450;46
r_2451;172
q_2452;17
o_2453;15
t_2454;15
x_2455;31
p_2456;13
b_2457;138
a_2458;72
z_2459;87
c_2460;106
v_2461;13
g_2462;22
h_2463;85
i_2464;152
g_2465;119
q_2466;74
h_2467;106
c_2468;46
w_2469;103
l_2470;171
a_2471;41
b_2472;61
o_2473;75
x_2474;187
b_2475;97
n_2476;3
e_2477;109
h_2478;193
d_2479;87
l_2480;29
v_2481;95
s_2482;4
z_2483;19
g_2484;148
i_2485;47
k_2486;156
u_2487;188
p_2488;186
d_2489;131
o_2490;70
q_2491;69
q_2492;86
f_2493;17
i_2494;66
k_2495;79
q_2496;13
d_2497;97
t_2498;152
r_2499;37
k_2500;152
n_2501;172
g_2502;113
v_2503;179
q_2504;15
n_2505;144
l_2506;99
w_2507;93
w_2508;150
s_2509;84
h_2510;48
n_2511;90
a_2512;21
s_2513;25
k_2514;178
z_2515;106
m_2516;93
q_2517;186
q_2518;73
f_2519;204
j_2520;159
y_2521;163
g_2522;150
b_2523;87
r_2524;75
y_2525;97
f_2526;103
e_2527;99
k_2528;63
p_2529;67
o_2530;77
j_2531;30
c_2532;56
c_2533;103
w_2534;50
w_2535;68
l_2536;155
l_2537;73
g_2538;34
a_2539;114
q_2540;74
d_2541;103
c_2542;8
w_2543;78
m_2544;146
t_2545;119
h_2546;15
x_2547;70
e_2548;172
h_2549;23
u_2550;119
l_2551;114
w_2552;174
a_2553;35
f_2554;181
y_2555;83
i_2556;46
o_2557;114
m_2558;136
p_2559;124
k_2560;127
h_2561;159
m_2562;111
n_2563;191
z_2564;125
q_2565;147
m_2566;178
q_2567;198
u_2568;6
o_2569;196
m_2570;117
f_2571;148
l_2572;29
k_2573;94
y_2574;39
t_2575;75
f_2576;14
h_2577;73
h_2578;189
f_2579;28
n_2580;164
h_2581;151
v_2582;151
g_2583;138
t_2584;138
e_2585;182
d_2586;118
o_2587;147
p_2588;122
k_2589;59
d_2590;53
r_2591;21
l_2592;172
b_2593;102
a_2594;21
o_2595;69
b_2596;56
x_2597;50
a_2598;13
u_2599;163
j_2600;47
f_2601;138
y_2602;120
a_2603;27
t_2604;127
r_2605;204
n_2606;101
r_2607;171
r_2608;157
e_2609;98
o_2610;53
c_2611;117
y_2612;64
c_2613;156
t_2614;78
c_2615;6
q_2616;43
o_2617;32
q_2618;147
l_2619;37
y_2620;111
o_2621;13
i_2622;37
n_2623;141
i_2624;128
y_2625;137
r_2626;68
g_2627;159
u_2628;65
v_2629;23
z_2630;153
f_2631;66
z_2632;172
g_2633;168
g_2634;191
y_2635;11
l_2636;158
y_2637;177
z_2638;171
x_2639;161
e_2640;123
m_2641;70
q_2642;168
c_2643;12
x_2644;109
s_2645;173
w_2646;85
e_2647;90
n_2648;175
i_2649;173
e_2650;55
j_2651;117
m_2652;112
g_2653;183
s_2654;127
g_2655;171
a_2656;48
j_2657;9
v_2658;6
b_2659;186
u_2660;39
g_2661;180
k_2662;92
r_2663;194
y_2664;130
o_2665;51
e_2666;93
b_2667;25
b_2668;58
p_2669;100
e_2670;145
z_2671;128
g_2672;126
d_2673;42
k_2674;50
t_2675;21
u_2676;166
r_2677;50
m_2678;156
c_2679;78
k_2680;110
f_2681;162
f_2682;111
e_2683;171
d_2684;154
v_2685;168
p_2686;57
q_2687;48
l_2688;185
w_2689;174
i_2690;48
i_2691;54
x_2692;165
e_2693;142
x_2694;26
b_2695;16
e_2696;168
x_2697;93
h_2698;6
z_2699;79
n_2700;109
m_2701;134
d_2702;104
z_2703;142
q_2704;159
l_2705;149
a_2706;81
c_2707;101
k_2708;109
c_2709;152
p_2710;186
o_2711;181
l_2712;82
j_2713;69
z_2714;47
q_2715;131
j_2716;121
r_2717;127
b_2718;90
f_2719;174
t_2720;51
l_2721;183
y_2722;81
i_2723;23
a_2724;128
k_2725;96
g_2726;18
n_2727;193
q_2728;91
e_2729;161
x_2730;36
l_2731;166
l_2732;98
e_2733;133
c_2734;15
z_2735;120
q_2736;58
h_2737;154
c_2738;32
j_2739;191
v_2740;129
l_2741;54
f_2742;64
e_2743;151
x_2744;122
t_2745;128
t_2746;30
w_2747;189
i_2748;152
y_2749;93
m_2750;187
h_2751;25
u_2752;28
a_2753;182
b_2754;122
v_2755;117
b_2756;51
u_2757;10
k_2758;122
m_2759;98
m_2760;32
o_2761;139
c_2762;43
v_2763;100
v_2764;102
i_2765;124
j_2766;88
l_2767;60
u_2768;63
r_2769;76
z_2770;105
k_2771;166
t_2772;155
k_2773;159
n_2774;178
e_2775;16
o_2776;64
q_2777;79
t_2778;99
a_2779;161
b_2780;48
m_2781;154
y_2782;195
b_2783;134
c_2784;72
n_2785;95
e_2786;57
t_2787;35
u_2788;144
u_2789;173
v_2790;141
a_2791;48
u_2792;123
y_2793;86
g_2794;65
z_2795;30
y_2796;39
l_2797;55
t_2798;180
e_2799;48
x_2800;87
q_2801;165
t_2802;166
r_2803;92
e_2804;176
r_2805;161
t_2806;31
l_2807;159
u_2808;52
b_2809;120
b_2810;75
z_2811;167
i_2812;24
n_2813;158
n_2814;195
w_2815;144
m_2816;64
i_2817;92
r_2818;171
g_2819;171
s_2820;86
t_2821;134
r_2822;172
n_2823;21
c_2824;111
e_2825;127
t_2826;105
m_2827;106
u_2828;46
z_2829;132
y_2830;148
k_2831;164
r_2832;12
o_2833;22
e_2834;144
z_2835;57
m_2836;83
l_2837;131
r_2838;194
k_2839;103
b_2840;109
w_2841;59
a_2842;85
f_2843;145
d_2844;193
a_2845;34
e_2846;11
s_2847;120
u_2848;163
e_2849;65
y_2850;99
r_2851;130
i_2852;158
f_2853;174
l_2854;115
r_2855;25
c_2856;177
q_2857;110
o_2858;153
w_2859;107
l_2860;10
p_2861;54
m_2862;136
h_2863;66
u_2864;136
n_2865;108
m_2866;118
k_2867;146
y_2868;16
u_2869;199
e_2870;68
a_2871;54
h_2872;190
z_2873;90
q_2874;79
p_2875;12
j_2876;84
t_2877;142
e_2878;186
h_2879;189
w_2880;97
z_2881;160
w_2882;39
l_2883;131
i_2884;44
y_2885;133
x_2886;29
c_2887;69
x_2888;61
a_2889;136
v_2890;191
b_2891;7
w_2892;164
h_2893;22
t_2894;181
a_2895;122
w_2896;45
p_2897;152
k_2898;45
g_2899;128
u_2900;67
u_2901;161
e_2902;82
j_2903;9
n_2904;24
a_2905;28
j_2906;168
s_2907;34
g_2908;137
c_2909;157
y_2910;29
m_2911;45
u_2912;111
f_2913;148
w_2914;66
c_2915;145
m_2916;171
h_2917;132
p_2918;139
n_2919;180
v_2920;106
q_2921;145
s_2922;168
r_2923;166
l_2924;160
q_2925;161
f_2926;150
n_2927;36
z_2928;127
k_2929;87
k_2930;188
n_2931;30
q_2932;161
a_2933;83
n_2934;44
m_2935;55
e_2936;172
h_2937;150
f_2938;145
j_2939;173
a_2940;110
t_2941;90
c_2942;72
p_2943;37
q_2944;46
l_2945;146
s_2946;163
i_2947;180
i_2948;108
x_2949;35
j_2950;153
o_2951;22
c_2952;25
e_2953;26
s_2954;85
c_2955;125
y_2956;117
e_2957;91
d_2958;48
q_2959;66
a_2960;83
l_2961;154
e_2962;51
h_2963;182
v_2964;100
m_2965;98
v_2966;171
p_2967;97
f_2968;210
x_2969;147
z_2970;109
k_2971;37
x_2972;120
d_2973;70
d_2974;14
u_2975;147
t_2976;3
b_2977;80
m_2978;71
y_2979;84
r_2980;124
s_2981;153
f_2982;162
f_2983;121
v_2984;75
f_2985;50
v_2986;165
z_2987;102
l_2988;22
e_2989;101
b_2990;82
b_2991;41
b_2992;117
c_2993;8
a_2994;197
v_2995;48
f_2996;61
o_2997;4
l_2998;114
a_2999;95
o_3000;131
q_3001;132
n_3002;179
h_3003;95
x_3004;179
e_3005;96
j_3006;76
z_3007;102
e_3008;150
j_3009;55
s_3010;163
i_3011;50
m_3012;26
d_3013;168
g_3014;56
s_3015;103
q_3016;99
v_3017;76
l_3018;125
g_3019;198
i_3020;100
b_3021;179
l_3022;6
y_3023;85
y_3024;41
d_3025;203
e_3026;123
l_3027;105
m_3028;4
g_3029;180
x_3030;59
m_3031;95
e_3032;166
q_3033;124
f_3034;169
u_3035;113
g_3036;121
q_3037;49
j_3038;185
d_3039;92
t_3040;170
n_3041;124
n_3042;107
m_3043;40
e_3044;158
d_3045;151
c_3046;135
a_3047;62
v_3048;175
a_3049;151
a_3050;112
v_3051;175
y_3052;154
u_3053;12
g_3054;33
k_3055;159
a_3056;46
g_3057;135
d_3058;140
z_3059;80
c_3060;53
a_3061;58
t_3062;137
f_3063;66
x_3064;58
e_3065;83
y_3066;167
p_3067;75
f_3068;12
g_3069;144
x_3070;67
w_3071;169
n_3072;20
r_3073;137
y_3074;122
q_3075;42
u_3076;95
k_3077;61
p_3078;87
z_3079;79
k_3080;12
v_3081;136
k_3082;108
f_3083;101
f_3084;114
z_3085;138
a_3086;28
n_3087;93
n_3088;116
w_3089;115
l_3090;51
i_3091;124
e_3092;47
a_3093;82
t_3094;71
f_3095;58
h_3096;160
e_3097;69
m_3098;148
e_3099;33
q_3100;154
m_3101;63
a_3102;83
a_3103;108
r_3104;59
a_3105;53
f_3106;141
t_3107;76
c_3108;160
x_3109;198
f_3110;138
f_3111;105
f_3112;107
s_3113;133
c_3114;198
s_3115;36
x_3116;18
k_3117;139
j_3118;150
r_3119;211
x_3120;115
t_3121;71
e_3122;150
i_3123;79
s_3124;123
z_3125;88
b_3126;76
y_3127;17
f_3128;12
y_3129;19
b_3130;138
y_3131;174
j_3132;170
k_3133;32
v_3134;4
k_3135;196
n_3136;21
g_3137;166
a_3138;46
p_3139;149
b_3140;187
f_3141;110
t_3142;98
z_3143;87
h_3144;115
v_3145;16
y_3146;3
o_3147;67
h_3148;15
b_3149;85
h_3150;59
v_3151;11
g_3152;87
f_3153;162
h_3154;12
v_3155;9
k_3156;122
m_3157;107
m_3158;157
w_3159;4
p_3160;103
e_3161;99
x_3162;132
r_3163;154
f_3164;192
o_3165;29
v_3166;32
t_3167;7
p_3168;13
v_3169;188
k_3170;182
c_3171;124
z_3172;17
x_3173;124
b_3174;152
r_3175;104
y_3176;56
s_3177;164
c_3178;115
r_3179;58
f_3180;169
i_3181;36
g_3182;46
d_3183;180
k_3184;48
u_3185;166
i_3186;144
z_3187;103
c_3188;71
k_3189;182
u_3190;108
k_3191;183
v_3192;188
e_3193;50
m_3194;172
d_3195;18
w_3196;80
s_3197;63
u_3198;61
n_3199;117
g_3200;164
c_3201;12
x_3202;64
l_3203;142
n_3204;177
f_3205;33
v_3206;137
l_3207;154
g_3208;57
a_3209;101
z_3210;167
x_3211;92
l_3212;33
p_3213;174
x_3214;58
d_3215;7
c_3216;82
m_3217;99
l_3218;52
w_3219;85
e_3220;30
z_3221;33
k_3222;130
e_3223;172
e_3224;43
d_3225;168
q_3226;80
x_3227;141
q_3228;89
b_3229;79
g_3230;122
s_3231;97
m_3232;176
r_3233;43
l_3234;85
e_3235;49
l_3236;196
w_3237;128
o_3238;157
d_3239;43
t_3240;59
j_3241;130
x_3242;108
z_3243;163
x_3244;79
r_3245;129
s_3246;63
r_3247;168
y_3248;116
y_3249;110
n_3250;63
l_3251;142
p_3252;34
s_3253;24
k_3254;140
x_3255;9
i_3256;139
x_3257;171
i_3258;127
v_3259;198
n_3260;27
h_3261;41
v_3262;125
g_3263;64
v_3264;25
u_3265;118
d_3266;134
z_3267;94
j_3268;21
n_3269;124
u_3270;115
j_3271;179
u_3272;10
f_3273;183
q_3274;33
p_3275;157
n_3276;183
e_3277;84
d_3278;111
p_3279;130
s_3280;27
i_3281;83
r_3282;170
k_3283;31
l_3284;156
n_3285;126
z_3286;22
n_3287;193
p_3288;157
e_3289;181
y_3290;170
z_3291;36
q_3292;18
s_3293;171
r_3294;172
s_3295;168
p_3296;13
d_3297;191
x_3298;43
w_3299;143
j_3300;68
v_3301;72
j_3302;130
u_3303;5
d_3304;174
w_3305;47
c_3306;103
d_3307;108
e_3308;144
k_3309;121
z_3310;140
c_3311;98
r_3312;175
b_3313;81
x_3314;146
v_3315;123
r_3316;172
p_3317;19
g_3318;105
r_3319;135
t_3320;32
h_3321;32
a_3322;8
t_3323;18
t_3324;130
p_3325;68
r_3326;46
z_3327;206
r_3328;29
y_3329;42
r_3330;181
x_3331;139
v_3332;180
h_3333;140
r_3334;165
u_3335;22
u_3336;103
q_3337;67
x_3338;182
l_3339;131
w_3340;123
e_3341;183
s_3342;180
y_3343;80
x_3344;171
x_3345;80
g_3346;179
l_3347;6
n_3348;91
u_3349;127
m_3350;128
s_3351;117
y_3352;171
x_3353;16
r_3354;154
m_3355;120
c_3356;169
o_3357;166
n_3358;155
j_3359;5
t_3360;152
a_3361;14
b_3362;31
k_3363;114
q_3364;46
i_3365;184
c_3366;122
l_3367;81
y_3368;93
u_3369;164
m_3370;113
w_3371;11
n_3372;47
a_3373;102
m_3374;101
n_3375;16
q_3376;20
s_3377;36
t_3378;112
s_3379;30
e_3380;195
c_3381;13
d_3382;92
j_3383;72
u_3384;92
u_3385;166
x_3386;188
o_3387;16
q_3388;22
t_3389;63
b_3390;45
w_3391;32
v_3392;46
p_3393;126
t_3394;68
m_3395;138
i_3396;34
c_3397;106
r_3398;54
o_3399;14
r_3400;64
y_3401;134
n_3402;113
e_3403;32
c_3404;121
a_3405;48
d_3406;190
k_3407;73
c_3408;117
k_3409;93
y_3410;26
q_3411;126
z_3412;138
r_3413;140
h_3414;76
c_3415;16
c_3416;81
o_3417;68
s_3418;9
f_3419;113
b_3420;127
w_3421;121
f_3422;80
t_3423;171
g_3424;122
t_3425;87
o_3426;170
u_3427;112
l_3428;99
d_3429;90
c_3430;108
y_3431;15
x_3432;169
o_3433;115
o_3434;154
v_3435;56
b_3436;117
w_3437;145
o_3438;149
t_3439;93
c_3440;55
t_3441;133
q_3442;61
p_3443;121
n_3444;74
j_3445;46
c_3446;206
s_3447;47
y_3448;142
z_3449;57
u_3450;36
p_3451;49
v_3452;63
h_3453;140
p_3454;102
i_3455;55
a_3456;15
r_3457;150
k_3458;174
j_3459;56
p_3460;32
c_3461;177
h_3462;141
l_3463;156
u_3464;92
v_3465;141
i_3466;167
w_3467;23
m_3468;184
r_3469;38
z_3470;64
s_3471;176
g_3472;50
o_3473;125
c_3474;15
j_3475;149
j_3476;198
t_3477;186
w_3478;87
e_3479;11
m_3480;128
k_3481;95
a_3482;86
g_3483;16
s_3484;6
b_3485;58
w_3486;23
h_3487;160
b_3488;126
r_3489;180
h_3490;29
d_3491;88
h_3492;158
j_3493;138
h_3494;153
b_3495;158
m_3496;148
t_3497;152
r_3498;75
r_3499;88
l_3500;137
n_3501;99
a_3502;82
z_3503;84
o_3504;165
t_3505;109
t_3506;199
n_3507;163
t_3508;111
t_3509;54
z_3510;62
d_3511;91
n_3512;175
o_3513;43
s_3514;69
v_3515;95
e_3516;77
i_3517;144
c_3518;70
m_3519;147
r_3520;17
f_3521;47
v_3522;15
x_3523;14
t_3524;25
q_3525;89
m_3526;179
y_3527;71
o_3528;119
m_3529;15
b_3530;171
u_3531;161
w_3532;187
i_3533;16
t_3534;15
y_3535;71
o_3536;23
s_3537;60
z_3538;115
x_3539;116
r_3540;20
n_3541;38
m_3542;171
u_3543;48
x_3544;104
k_3545;43
y_3546;188
w_3547;186
f_3548;147
u_3549;142
q_3550;60
y_3551;67
c_3552;9
t_3553;172
t_3554;165
l_3555;153
l_3556;168
z_3557;22
m_3558;22
b_3559;35
i_3560;110
r_3561;64
g_3562;193
v_3563;153
k_3564;3
h_3565;54
w_3566;132
q_3567;75
w_3568;42
f_3569;31
w_3570;41
o_3571;168
z_3572;88
h_3573;140
h_3574;27
w_3575;75
w_3576;139
d_3577;34
t_3578;120
y_3579;160
o_3580;67
y_3581;56
s_3582;149
l_3583;125
e_3584;13
x_3585;119
p_3586;74
k_3587;30
u_3588;178
u_3589;133
d_3590;112
h_3591;197
g_3592;37
r_3593;115
y_3594;110
w_3595;106
n_3596;123
f_3597;47
e_3598;197
l_3599;72
t_3600;101
r_3601;61
y_3602;142
s_3603;185
a_3604;58
y_3605;115
o_3606;129
v_3607;133
c_3608;167
d_3609;80
e_3610;83
f_3611;27
c_3612;158
o_3613;191
u_3614;92
t_3615;72
o_3616;66
s_3617;155
z_3618;191
m_3619;72
m_3620;25
k_3621;96
h_3622;141
z_3623;73
f_3624;130
m_3625;83
o_3626;93
u_3627;72
h_3628;92
m_3629;166
t_3630;148
n_3631;115
t_3632;43
g_3633;114
n_3634;167
m_3635;114
x_3636;80
g_3637;20
k_3638;166
l_3639;9
s_3640;128
h_3641;17
h_3642;25
y_3643;176
e_3644;22
q_3645;96
a_3646;170
q_3647;119
f_3648;122
s_3649;141
w_3650;139
r_3651;124
d_3652;183
l_3653;80
n_3654;203
e_3655;100
p_3656;33
u_3657;83
k_3658;79
b_3659;116
b_3660;71
o_3661;6
n_3662;164
t_3663;47
e_3664;87
u_3665;5
f_3666;181
z_3667;162
m_3668;183
v_3669;68
p_3670;161
j_3671;156
c_3672;12
v_3673;23
i_3674;38
o_3675;70
w_3676;124
q_3677;16
y_3678;184
w_3679;40
k_3680;10
n_3681;180
y_3682;61
n_3683;144
j_3684;55
l_3685;29
v_3686;185
e_3687;19
g_3688;205
x_3689;12
k_3690;53
f_3691;141
z_3692;28
x_3693;9
z_3694;96
h_3695;153
j_3696;22
o_3697;7
l_3698;43
k_3699;149
t_3700;191
i_3701;10
r_3702;48
j_3703;69
c_3704;167
e_3705;44
b_3706;85
m_3707;54
p_3708;5
s_3709;201
f_3710;166
q_3711;63
n_3712;17
w_3713;150
b_3714;195
m_3715;145
k_3716;143
b_3717;40
f_3718;108
w_3719;42
s_3720;59
k_3721;63
z_3722;121
n_3723;98
x_3724;154
s_3725;174
l_3726;39
n_3727;71
c_3728;136
l_3729;12
p_3730;85
c_3731;132
n_3732;123
h_3733;140
o_3734;196
h_3735;92
m_3736;119
i_3737;104
d_3738;179
w_3739;77
z_3740;192
h_3741;134
b_3742;105
u_3743;8
l_3744;105
t_3745;162
l_3746;167
p_3747;81
r_3748;125
h_3749;120
a_3750;156
q_3751;63
z_3752;134
k_3753;62
s_3754;48
t_3755;81
j_3756;130
i_3757;83
x_3758;186
z_3759;38
x_3760;32
h_3761;191
d_3762;134
x_3763;47
y_3764;93
c_3765;71
x_3766;24
x_3767;118
q_3768;92
v_3769;148
n_3770;32
c_3771;59
b_3772;97
x_3773;143
m_3774;80
b_3775;35
o_3776;28
i_3777;174
y_3778;66
s_3779;165
k_3780;36
r_3781;181
p_3782;150
v_3783;167
i_3784;163
n_3785;148
g_3786;15
f_3787;187
n_3788;32
p_3789;137
j_3790;41
f_3791;144
s_3792;143
q_3793;123
e_3794;55
s_3795;151
u_3796;49
v_3797;41
y_3798;188
h_3799;152
l_3800;89
n_3801;29
z_3802;79
w_3803;94
h_3804;71
k_3805;98
y_3806;78
r_3807;200
n_3808;6
d_3809;39
q_3810;154
f_3811;85
l_3812;164
l_3813;53
q_3814;43
p_3815;80
x_3816;126
t_3817;105
k_3818;186
h_3819;43
y_3820;65
t_3821;58
r_3822;163
g_3823;10
p_3824;113
g_3825;58
y_3826;195
m_3827;24
j_3828;49
u_3829;61
v_3830;167
i_3831;107
p_3832;177
s_3833;136
t_3834;193
y_3835;170
k_3836;157
j_3837;43
o_3838;112
g_3839;67
e_3840;45
o_3841;33
s_3842;149
c_3843;168
b_3844;139
p_3845;37
v_3846;76
a_3847;135
u_3848;94
h_3849;43
f_3850;190
h_3851;170
e_3852;163
f_3853;107
m_3854;175
m_3855;155
h_3856;69
y_3857;76
v_3858;59
x_3859;145
t_3860;54
h_3861;58
w_3862;199
c_3863;44
z_3864;10
z_3865;122
w_3866;39
y_3867;33
n_3868;61
k_3869;165
y_3870;124
q_3871;3
p_3872;107
u_3873;48
r_3874;143
g_3875;63
t_3876;131
k_3877;165
w_3878;149
k_3879;74
a_3880;80
j_3881;173
t_3882;170
i_3883;99
t_3884;66
x_3885;189
w_3886;167
x_3887;144
w_3888;46
h_3889;148
z_3890;95
c_3891;157
p_3892;73
b_3893;21
d_3894;64
l_3895;114
f_3896;193
c_3897;16
u_3898;81
b_3899;89
p_3900;66
j_3901;89
s_3902;73
n_3903;124
y_3904;19
p_3905;153
c_3906;184
l_3907;29
p_3908;72
w_3909;153
w_3910;17
j_3911;73
p_3912;144
v_3913;106
v_3914;111
q_3915;114
k_3916;126
v_3917;50
h_3918;70
o_3919;43
k_3920;65
p_3921;180
a_3922;28
k_3923;8
f_3924;145
x_3925;203
j_3926;64
u_3927;20
y_3928;113
b_3929;3
d_3930;58
h_3931;170
i_3932;141
g_3933;176
l_3934;178
s_3935;68
b_3936;11
v_3937;118
h_3938;69
v_3939;96
r_3940;167
x_3941;143
u_3942;149
w_3943;177
l_3944;53
p_3945;91
e_3946;92
j_3947;10
p_3948;73
p_3949;75
c_3950;81
h_3951;92
q_3952;75
s_3953;31
n_3954;101
m_3955;80
z_3956;137
u_3957;198
y_3958;88
t_3959;42
p_3960;103
e_3961;77
p_3962;41
o_3963;139
k_3964;49
t_3965;34
c_3966;107
z_3967;40
n_3968;156
r_3969;17
v_3970;24
d_3971;53
d_3972;100
i_3973;19
x_3974;66
b_3975;78
y_3976;120
n_3977;199
h_3978;137
y_3979;125
e_3980;151
q_3981;150
z_3982;133
m_3983;116
g_3984;88
f_3985;106
k_3986;72
f_3987;17
k_3988;43
o_3989;176
n_3990;53
c_3991;156
j_3992;135
q_3993;118
n_3994;72
h_3995;82
r_3996;61
l_3997;12
t_3998;135
i_3999;110
s_4000;3
n_4001;159
u_4002;187
i_4003;10
i_4004;123
l_4005;175
c_4006;7
k_4007;62
i_4008;114
k_4009;148
y_4010;61
g_4011;77
h_4012;19
e_4013;115
w_4014;13
j_4015;26
e_4016;141
q_4017;9
h_4018;18
n_4019;11
q_4020;76
q_4021;96
i_4022;136
h_4023;21
e_4024;76
x_4025;86
t_4026;28
m_4027;154
z_4028;123
c_4029;116
q_4030;61
d_4031;21
o_4032;44
f_4033;125
h_4034;107
c_4035;156
f_4036;71
k_4037;86
d_4038;66
f_4039;129
q_4040;86
k_4041;31
y_4042;39
h_4043;113
u_4044;122
b_4045;189
p_4046;39
s_4047;119
j_4048;125
n_4049;34
h_4050;90
g_4051;154
v_4052;99
s_4053;14
k_4054;58
h_4055;160
k_4056;25
f_4057;123
j_4058;39
r_4059;52
o_4060;32
o_4061;27
x_4062;10
v_4063;88
b_4064;140
x_4065;15
k_4066;182
j_4067;194
f_4068;183
p_4069;76
z_4070;137
t_4071;8
i_4072;88
n_4073;19
u_4074;17
d_4075;201
q_4076;136
x_4077;173
y_4078;24
y_4079;203
o_4080;124
q_4081;6
e_4082;73
q_4083;81
b_4084;27
b_4085;151
g_4086;15
o_4087;137
n_4088;87
d_4089;50
r_4090;175
s_4091;118
t_4092;43
i_4093;53
l_4094;187
i_4095;146
u_4096;70
t_4097;133
b_4098;188
d_4099;109
n_4100;56
h_4101;60
k_4102;145
y_4103;77
m_4104;199
o_4105;64
a_4106;122
u_4107;157
j_4108;100
y_4109;106
g_4110;105
n_4111;149
h_4112;179
w_4113;69
s_4114;129
y_4115;74
b_4116;126
h_4117;56
p_4118;74
a_4119;42
t_4120;125
n_4121;137
n_4122;142
q_4123;45
v_4124;44
p_4125;61
p_4126;20
u_4127;100
h_4128;86
y_4129;70
w_4130;160
h_4131;143
d_4132;87
m_4133;151
n_4134;124
g_4135;101
j_4136;150
b_4137;81
l_4138;75
r_4139;10
r_4140;95
j_4141;89
d_4142;17
z_4143;20
p_4144;43
x_4145;17
t_4146;109
k_4147;63
t_4148;41
s_4149;94
x_4150;176
f_4151;100
u_4152;161
b_4153;5
s_4154;167
v_4155;103
v_4156;18
y_4157;175
t_4158;4
d_4159;91
o_4160;95
e_4161;160
v_4162;187
i_4163;201
o_4164;175
i_4165;108
e_4166;101
a_4167;195
a_4168;38
o_4169;123
c_4170;35
p_4171;48
v_4172;68
k_4173;90
z_4174;73
l_4175;60
j_4176;35
n_4177;80
u_4178;178
t_4179;171
b_4180;75
i_4181;82
a_4182;41
f_4183;183
r_4184;24
z_4185;50
y_4186;51
l_4187;24
h_4188;138
s_4189;11
t_4190;92
h_4191;104
w_4192;77
l_4193;16
n_4194;145
q_4195;116
w_4196;96
f_4197;158
j_4198;166
g_4199;5
y_4200;9
n_4201;46
s_4202;61
b_4203;84
x_4204;63
w_4205;10
f_4206;91
b_4207;156
h_4208;52
t_4209;84
h_4210;152
o_4211;90
x_4212;6
l_4213;90
q_4214;144
j_4215;10
w_4216;113
r_4217;169
u_4218;15
c_4219;132
s_4220;151
q_4221;65
i_4222;192
n_4223;82
p_4224;54
a_4225;83
a_4226;93
d_4227;19
g_4228;69
r_4229;86
g_4230;149
a_4231;63
m_4232;60
x_4233;84
a_4234;135
i_4235;122
z_4236;133
z_4237;54
h_4238;41
j_4239;73
y_4240;106
u_4241;25
i_4242;25
p_4243;65
b_4244;186
k_4245;137
j_4246;198
x_4247;133
b_4248;150
u_4249;96
m_4250;126
q_4251;126
i_4252;26
s_4253;5
o_4254;91
t_4255;97
t_4256;144
t_4257;4
i_4258;192
s_4259;101
q_4260;37
d_4261;60
p_4262;113
q_4263;96
l_4264;134
y_4265;22
i_4266;90
s_4267;13
h_4268;129
u_4269;77
b_4270;18
x_4271;110
n_4272;12
w_4273;89
b_4274;30
y_4275;39
y_4276;101
z_4277;131
l_4278;188
d_4279;10
j_4280;24
e_4281;5
n_4282;171
i_4283;72
c_4284;143
r_4285;43
f_4286;120
w_4287;13
i_4288;123
u_4289;139
d_4290;71
j_4291;71
s_4292;164
h_4293;12
r_4294;5
e_4295;97
v_4296;103
e_4297;94
d_4298;93
c_4299;180
r_4300;114
w_4301;110
b_4302;118
j_4303;138
v_4304;121
b_4305;32
s_4306;23
x_4307;149
k_4308;113
a_4309;164
v_4310;185
m_4311;128
s_4312;92
r_4313;135
e_4314;148
k_4315;87
k_4316;61
a_4317;194
h_4318;184
w_4319;191
y_4320;163
t_4321;104
c_4322;28
m_4323;68
s_4324;97
j_4325;103
e_4326;168
s_4327;40
b_4328;61
l_4329;102
s_4330;60
e_4331;62
q_4332;97
i_4333;78
r_4334;75
m_4335;6
q_4336;171
b_4337;39
c_4338;44
g_4339;124
i_4340;170
r_4341;80
v_4342;93
w_4343;54
u_4344;129
k_4345;121
q_4346;90
t_4347;69
j_4348;157
y_4349;202
l_4350;147
l_4351;107
b_4352;72
o_4353;44
v_4354;40
z_4355;169
o_4356;147
u_4357;21
i_4358;151
f_4359;74
c_4360;184
z_4361;156
l_4362;114
x_4363;17
i_4364;80
q_4365;9
w_4366;122
s_4367;38
v_4368;17
n_4369;114
l_4370;124
j_4371;34
u_4372;39
v_4373;72
x_4374;51
x_4375;79
n_4376;189
b_4377;18
j_4378;24
h_4379;161
u_4380;35
h_4381;102
f_4382;16
f_4383;137
e_4384;50
y_4385;54
w_4386;74
p_4387;4
p_4388;39
e_4389;140
o_4390;166
q_4391;50
d_4392;108
h_4393;93
j_4394;10
n_4395;19
l_4396;193
g_4397;154
u_4398;116
v_4399;166
n_4400;32
g_4401;184
x_4402;74
h_4403;200
d_4404;190
c_4405;59
c_4406;176
q_4407;159
u_4408;105
a_4409;70
d_4410;44
x_4411;167
g_4412;18
w_4413;118
p_4414;26
u_4415;164
e_4416;80
n_4417;11
g_4418;156
c_4419;79
f_4420;135
p_4421;133
i_4422;24
e_4423;62
k_4424;109
r_4425;87
v_4426;145
y_4427;152
m_4428;151
m_4429;188
x_4430;53
u_4431;76
t_4432;193
a_4433;81
t_4434;163
k_4435;179
c_4436;104
i_4437;33
w_4438;52
m_4439;211
l_4440;48
r_4441;65
u_4442;153
i_4443;68
l_4444;175
i_4445;171
u_4446;163
r_4447;76
i_4448;76
b_4449;185
t_4450;53
g_4451;138
u_4452;76
n_4453;101
s_4454;156
r_4455;38
e_4456;144
w_4457;142
w_4458;96
g_4459;86
j_4460;190
y_4461;13
k_4462;146
b_4463;93
o_4464;159
h_4465;192
f_4466;122
k_4467;193
u_4468;200
a_4469;139
j_4470;116
l_4471;158
i_4472;70
g_4473;42
c_4474;106
v_4475;61
r_4476;137
l_4477;181
q_4478;143
m_4479;36
c_4480;183
z_4481;46
x_4482;78
u_4483;45
w_4484;137
g_4485;136
c_4486;75
s_4487;77
g_4488;181
k_4489;133
z_4490;71
n_4491;190
o_4492;91
s_4493;142
n_4494;190
w_4495;202
v_4496;152
k_4497;56
j_4498;121
g_4499;5
f_4500;58
c_4501;152
n_4502;135
c_4503;88
w_4504;85
t_4505;126
z_4506;177
g_4507;62
a_4508;109
e_4509;150
p_4510;183
x_4511;116
n_4512;28
f_4513;48
c_4514;78
e_4515;95
i_4516;143
d_4517;74
g_4518;56
m_4519;19
e_4520;76
i_4521;186
g_4522;129
o_4523;142
b_4524;50
n_4525;175
o_4526;128
b_4527;205
w_4528;205
b_4529;101
i_4530;51
s_4531;103
m_4532;145
c_4533;149
b_4534;6
g_4535;126
q_4536;124
b_4537;77
i_4538;107
j_4539;59
c_4540;81
y_4541;178
h_4542;83
u_4543;193
p_4544;37
d_4545;194
a_4546;22
y_4547;185
s_4548;129
e_4549;17
r_4550;101
p_4551;55
l_4552;132
b_4553;199
a_4554;83
r_4555;107
m_4556;95
d_4557;102
t_4558;14
y_4559;186
b_4560;89
u_4561;35
x_4562;181
o_4563;145
k_4564;174
e_4565;99
v_4566;6
n_4567;184
q_4568;53
p_4569;139
g_4570;125
s_4571;192
n_4572;178
c_4573;129
c_4574;143
h_4575;122
h_4576;35
p_4577;105
x_4578;42
k_4579;158
u_4580;89
g_4581;31
p_4582;24
u_4583;189
m_4584;93
c_4585;176
s_4586;23
u_4587;32
s_4588;69
e_4589;148
w_4590;153
q_4591;164
r_4592;112
z_4593;185
c_4594;106
w_4595;22
e_4596;33
c_4597;110
n_4598;127
k_4599;181
w_4600;102
q_4601;179
w_4602;130
t_4603;112
o_4604;143
z_4605;14
y_4606;46
z_4607;96
z_4608;105
b_4609;172
s_4610;5
m_4611;41
z_4612;74
t_4613;105
m_4614;118
o_4615;142
p_4616;145
x_4617;62
a_4618;38
k_4619;96
h_4620;149
f_4621;32
k_4622;72
d_4623;163
u_4624;133
z_4625;141
a_4626;53
w_4627;84
f_4628;77
o_4629;69
n_4630;42
w_4631;172
i_4632;92
w_4633;25
s_4634;45
o_4635;58
w_4636;194
b_4637;144
y_4638;187
h_4639;39
o_4640;25
s_4641;11
w_4642;128
g_4643;114
p_4644;25
s_4645;147
g_4646;21
r_4647;118
g_4648;37
y_4649;98
j_4650;101
n_4651;28
v_4652;30
s_4653;76
l_4654;103
h_4655;115
c_4656;169
k_4657;3
k_4658;144
f_4659;139
c_4660;135
r_4661;27
v_4662;14
e_4663;190
l_4664;178
w_4665;4
z_4666;144
e_4667;91
u_4668;102
f_4669;17
f_4670;143
u_4671;30
d_4672;168
s_4673;14
a_4674;31
x_4675;203
g_4676;144
u_4677;9
c_4678;124
r_4679;194
c_4680;12
x_4681;33
s_4682;19
f_4683;63
z_4684;77
v_4685;177
c_4686;45
v_4687;54
f_4688;187
y_4689;41
q_4690;68
r_4691;48
d_4692;98
q_4693;19
w_4694;173
e_4695;193
g_4696;185
f_4697;15
t_4698;172
j_4699;98
o_4700;64
e_4701;186
a_4702;179
s_4703;148
h_4704;88
r_4705;76
g_4706;153
e_4707;101
u_4708;192
s_4709;53
o_4710;13
b_4711;84
n_4712;26
m_4713;5
w_4714;173
q_4715;132
t_4716;46
y_4717;46
h_4718;103
f_4719;140
r_4720;104
c_4721;181
v_4722;4
g_4723;40
c_4724;85
e_4725;96
i_4726;8
a_4727;148
b_4728;102
p_4729;38
n_4730;4
l_4731;178
t_4732;135
q_4733;160
n_4734;70
u_4735;159
s_4736;97
u_4737;35
d_4738;55
k_4739;191
p_4740;116
b_4741;172
s_4742;60
z_4743;25
z_4744;158
d_4745;35
g_4746;147
k_4747;76
t_4748;32
s_4749;66
n_4750;10
j_4751;112
b_4752;8
i_4753;186
q_4754;134
n_4755;53
u_4756;126
l_4757;20
e_4758;38
q_4759;168
s_4760;76
h_4761;125
x_4762;129
x_4763;115
j_4764;12
e_4765;7
x_4766;134
c_4767;75
w_4768;111
x_4769;68
p_4770;4
r_4771;159
q_4772;71
z_4773;170
r_4774;154
v_4775;124
j_4776;29
z_4777;48
c_4778;108
a_4779;57
l_4780;192
d_4781;181
v_4782;77
b_4783;134
f_4784;94
m_4785;125
k_4786;135
w_4787;66
d_4788;26
s_4789;172
k_4790;104
y_4791;74
i_4792;199
a_4793;104
q_4794;74
n_4795;173
b_4796;201
x_4797;165
w_4798;164
x_4799;180
h_4800;46
k_4801;165
p_4802;113
q_4803;14
t_4804;56
s_4805;132
b_4806;152
c_4807;61
t_4808;90
g_4809;25
x_4810;79
s_4811;183
d_4812;9
j_4813;134
q_4814;16
f_4815;4
h_4816;3
o_4817;4
t_4818;146
n_4819;91
h_4820;88
f_4821;202
r_4822;115
y_4823;102
b_4824;58
m_4825;93
f_4826;61
d_4827;17
b_4828;135
l_4829;121
l_4830;29
l_4831;27
d_4832;148
j_4833;47
h_4834;18
l_4835;177
m_4836;155
i_4837;161
o_4838;21
s_4839;188
v_4840;167
c_4841;106
n_4842;42
o_4843;51
w_4844;98
f_4845;182
b_4846;30
w_4847;166
g_4848;5
g_4849;106
d_4850;88
i_4851;41
w_4852;133
b_4853;119
w_4854;31
f_4855;14
x_4856;88
f_4857;23
r_4858;64
v_4859;53
y_4860;97
u_4861;53
o_4862;147
l_4863;101
p_4864;7
k_4865;150
h_4866;136
t_4867;98
a_4868;35
g_4869;166
q_4870;24
s_4871;54
v_4872;29
w_4873;78
j_4874;106
k_4875;160
k_4876;81
a_4877;89
o_4878;136
m_4879;147
w_4880;13
o_4881;153
y_4882;29
j_4883;57
g_4884;41
q_4885;80
w_4886;121
x_4887;181
e_4888;7
k_4889;116
e_4890;170
i_4891;34
t_4892;160
h_4893;148
m_4894;141
w_4895;53
v_4896;159
a_4897;93
h_4898;138
y_4899;144
a_4900;155
t_4901;82
h_4902;55
f_4903;15
l_4904;3
w_4905;183
n_4906;166
z_4907;49
b_4908;9
i_4909;21
s_4910;21
d_4911;84
t_4912;120
r_4913;174
q_4914;76
v_4915;170
c_4916;143
g_4917;105
x_4918;140
k_4919;71
a_4920;146
t_4921;5
k_4922;169
o_4923;170
v_4924;158
u_4925;84
m_4926;48
f_4927;95
p_4928;9
x_4929;71
v_4930;171
g_4931;86
t_4932;117
t_4933;14
u_4934;119
e_4935;183
i_4936;151
y_4937;113
t_4938;187
z_4939;103
i_4940;135
v_4941;194
g_4942;7
q_4943;14
h_4944;125
z_4945;123
h_4946;74
q_4947;141
g_4948;184
n_4949;72
m_4950;118
r_4951;15
c_4952;50
s_4953;20
d_4954;149
r_4955;40
c_4956;8
z_4957;173
v_4958;79
e_4959;50
e_4960;177
d_4961;13
q_4962;105
f_4963;14
q_4964;40
e_4965;146
n_4966;171
h_4967;170
g_4968;170
s_4969;53
b_4970;120
w_4971;7
n_4972;97
j_4973;167
g_4974;39
n_4975;163
w_4976;11
w_4977;89
c_4978;199
q_4979;162
c_4980;126
z_4981;141
s_4982;33
a_4983;92
n_4984;108
m_4985;186
x_4986;161
f_4987;142
u_4988;93
h_4989;106
h_4990;170
f_4991;141
t_4992;186
n_4993;111
o_4994;125
x_4995;36
k_4996;153
n_4997;89
g_4998;28
e_4999;98
p_5000;119
b_5001;46
f_5002;149
f_5003;43
o_5004;76
b_5005;14
z_5006;4
c_5007;87
z_5008;156
r_5009;92
p_5010;83
e_5011;176
h_5012;169
x_5013;176
c_5014;77
j_5015;20
m_5016;172
j_5017;28
i_5018;82
m_5019;106
l_5020;183
u_5021;68
e_5022;16
a_5023;109
q_5024;77
t_5025;182
j_5026;118
n_5027;181
b_5028;133
u_5029;96
w_5030;109
r_5031;71
u_5032;157
f_5033;31
o_5034;126
k_5035;193
z_5036;75
c_5037;178
i_5038;40
z_5039;124
o_5040;91
k_5041;85
q_5042;77
y_5043;88
j_5044;115
d_5045;24
v_5046;108
s_5047;9
l_5048;5
p_5049;186
l_5050;162
b_5051;38
p_5052;147
y_5053;156
q_5054;24
j_5055;126
x_5056;114
x_5057;121
r_5058;140
p_5059;152
o_5060;179
v_5061;50
p_5062;152
g_5063;130
z_5064;161
c_5065;102
k_5066;131
b_5067;97
w_5068;144
u_5069;191
e_5070;161
m_5071;76
p_5072;75
b_5073;185
y_5074;131
g_5075;93
u_5076;94
r_5077;5
i_5078;46
b_5079;137
b_5080;112
e_5081;171
y_5082;22
w_5083;14
o_5084;118
t_5085;52
n_5086;27
g_5087;124
q_5088;122
b_5089;113
x_5090;74
f_5091;44
e_5092;101
i_5093;201
t_5094;130
k_5095;62
k_5096;127
c_5097;42
h_5098;97
k_5099;122
s_5100;88
t_5101;105
k_5102;103
m_5103;45
b_5104;68
s_5105;185
x_5106;17
w_5107;88
e_5108;190
v_5109;93
h_5110;86
b_5111;55
e_5112;28
m_5113;13
t_5114;43
i_5115;108
t_5116;91
f_5117;50
e_5118;184
y_5119;20
s_5120;48
x_5121;90
n_5122;41
h_5123;142
i_5124;4
d_5125;69
e_5126;74
d_5127;190
n_5128;58
n_5129;166
k_5130;78
l_5131;100
x_5132;5
i_5133;57
w_5134;176
r_5135;105
a_5136;69
o_5137;39
l_5138;6
i_5139;143
c_5140;152
u_5141;176
e_5142;62
t_5143;130
z_5144;144
a_5145;184
l_5146;140
r_5147;33
t_5148;187
r_5149;133
n_5150;85
u_5151;201
g_5152;200
c_5153;73
v_5154;84
m_5155;129
i_5156;43
p_5157;67
i_5158;174
x_5159;204
o_5160;45
a_5161;176
b_5162;173
j_5163;158
x_5164;149
l_5165;22
r_5166;184
t_5167;183
y_5168;63
j_5169;112
a_5170;67
f_5171;112
m_5172;48
k_5173;107
w_5174;20
m_5175;53
w_5176;38
s_5177;124
u_5178;127
r_5179;19
b_5180;74
v_5181;64
u_5182;171
z_5183;167
u_5184;17
m_5185;164
s_5186;142
y_5187;182
f_5188;92
y_5189;49
p_5190;129
x_5191;34
k_5192;98
r_5193;177
e_5194;44
k_5195;23
b_5196;134
i_5197;15
s_5198;44
b_5199;34
n_5200;47
z_5201;190
s_5202;167
j_5203;8
a_5204;191
v_5205;115
h_5206;129
g_5207;159
w_5208;107
m_5209;172
q_5210;9
k_5211;33
v_5212;123
x_5213;178
x_5214;73
j_5215;206
m_5216;133
n_5217;29
s_5218;196
v_5219;111
p_5220;20
u_5221;7
s_5222;144
z_5223;142
p_5224;68
s_5225;87
d_5226;170
y_5227;138
n_5228;56
h_5229;179
n_5230;176
t_5231;170
f_5232;96
l_5233;133
c_5234;143
k_5235;116
c_5236;172
c_5237;71
x_5238;99
c_5239;109
s_5240;78
w_5241;12
n_5242;203
u_5243;15
i_5244;71
a_5245;64
s_5246;131
j_5247;98
r_5248;192
q_5249;131
d_5250;84
k_5251;95
p_5252;100
s_5253;109
k_5254;163
x_5255;153
t_5256;81
i_5257;185
e_5258;135
s_5259;76
t_5260;23
p_5261;82
d_5262;71
f_5263;145
x_5264;22
z_5265;134
u_5266;107
f_5267;93
u_5268;179
n_5269;51
s_5270;82
a_5271;28
j_5272;53
z_5273;57
s_5274;68
k_5275;109
m_5276;164
m_5277;25
q_5278;132
p_5279;196
n_5280;36
t_5281;119
f_5282;174
c_5283;102
z_5284;113
y_5285;50
s_5286;119
l_5287;71
e_5288;65
n_5289;113
o_5290;127
g_5291;192
p_5292;122
m_5293;23
b_5294;126
x_5295;168
r_5296;148
f_5297;156
q_5298;114
o_5299;91
b_5300;127
c_5301;128
a_5302;180
s_5303;41
j_5304;133
j_5305;17
r_5306;50
q_5307;114
q_5308;10
d_5309;107
v_5310;147
u_5311;151
c_5312;171
w_5313;167
k_5314;59
h_5315;83
n_5316;119
i_5317;162
u_5318;111
l_5319;187
l_5320;6
z_5321;45
h_5322;178
y_5323;28
h_5324;4
a_5325;64
o_5326;157
f_5327;128
x_5328;199
h_5329;180
v_5330;133
p_5331;57
j_5332;67
r_5333;146
m_5334;85
b_5335;108
m_5336;41
k_5337;203
u_5338;70
i_5339;105
e_5340;81
v_5341;48
e_5342;53
s_5343;74
s_5344;97
t_5345;136
p_5346;183
l_5347;156
v_5348;125
k_5349;126
v_5350;114
h_5351;148
m_5352;5
x_5353;101
z_5354;108
q_5355;158
i_5356;191
t_5357;98
a_5358;193
q_5359;53
u_5360;175
f_5361;155
v_5362;21
a_5363;99
l_5364;177
q_5365;79
t_5366;170
p_5367;142
w_5368;155
t_5369;34
w_5370;35
w_5371;160
r_5372;29
q_5373;57
p_5374;171
o_5375;26
g_5376;78
w_5377;176
o_5378;76
w_5379;95
d_5380;46
s_5381;52
i_5382;17
e_5383;169
j_5384;151
k_5385;97
f_5386;126
k_5387;96
s_5388;86
n_5389;63
m_5390;185
a_5391;82
w_5392;37
l_5393;22
i_5394;205
o_5395;7
l_5396;100
f_5397;160
g_5398;79
c_5399;19
t_5400;34
i_5401;180
o_5402;95
c_5403;181
m_5404;126
p_5405;137
c_5406;127
r_5407;94
a_5408;132
w_5409;84
n_5410;112
b_5411;164
k_5412;64
d_5413;190
n_5414;7
l_5415;120
f_5416;143
m_5417;136
l_5418;66
n_5419;24
l_5420;170
r_5421;54
j_5422;75
r_5423;40
z_5424;112
w_5425;183
k_5426;23
t_5427;123
w_5428;201
h_5429;147
v_5430;36
q_5431;101
x_5432;152
x_5433;102
u_5434;110
f_5435;106
u_5436;183
c_5437;170
j_5438;90
u_5439;91
s_5440;22
t_5441;146
u_5442;43
d_5443;185
u_5444;145
h_5445;49
h_5446;194
h_5447;103
m_5448;106
b_5449;186
h_5450;42
x_5451;150
c_5452;174
x_5453;201
q_5454;32
w_5455;58
j_5456;153
x_5457;127
e_5458;76
n_5459;154
p_5460;139
b_5461;131
f_5462;84
z_5463;166
p_5464;33
w_5465;88
w_5466;50
f_5467;91
f_5468;42
v_5469;67
e_5470;111
v_5471;96
v_5472;38
b_5473;81
f_5474;16
i_5475;92
l_5476;132
c_5477;6
z_5478;102
s_5479;80
u_5480;199
v_5481;174
r_5482;59
k_5483;53
x_5484;132
o_5485;142
u_5486;5
j_5487;114
z_5488;39
v_5489;184
a_5490;31
w_5491;51
h_5492;27
w_5493;63
m_5494;127
w_5495;66
x_5496;103
r_5497;138
w_5498;117
y_5499;26
d_5500;125
d_5501;145
m_5502;160
q_5503;128
v_5504;119
j_5505;164
d_5506;5
i_5507;87
b_5508;53
d_5509;21
t_5510;153
f_5511;197
h_5512;16
b_5513;137
x_5514;87
v_5515;36
i_5516;191
s_5517;27
f_5518;181
q_5519;200
d_5520;16
o_5521;86
e_5522;118
y_5523;76
s_5524;97
u_5525;77
k_5526;155
b_5527;41
z_5528;162
f_5529;31
p_5530;41
j_5531;40
q_5532;173
q_5533;18
p_5534;112
b_5535;27
g_5536;170
d_5537;158
d_5538;46
k_5539;138
t_5540;160
u_5541;102
x_5542;168
s_5543;8
h_5544;203
s_5545;171
c_5546;4
s_5547;179
r_5548;148
u_5549;211
s_5550;117
p_5551;156
n_5552;69
j_5553;36
i_5554;164
q_5555;80
p_5556;36
c_5557;49
u_5558;166
x_5559;100
e_5560;17
g_5561;185
m_5562;105
g_5563;137
q_5564;96
c_5565;138
n_5566;108
c_5567;83
o_5568;169
t_5569;72
z_5570;166
m_5571;197
f_5572;94
l_5573;128
w_5574;35
w_5575;106
h_5576;53
i_5577;156
m_5578;28
x_5579;198
s_5580;176
l_5581;94
y_5582;73
m_5583;12
d_5584;89
c_5585;22
s_5586;86
w_5587;117
t_5588;73
a_5589;139
o_5590;170
y_5591;27
e_5592;194
a_5593;95
z_5594;189
f_5595;127
j_5596;46
j_5597;16
u_5598;92
p_5599;86
j_5600;109
p_5601;117
i_5602;119
m_5603;11
z_5604;161
o_5605;124
a_5606;47
x_5607;23
h_5608;148
l_5609;199
d_5610;115
u_5611;34
g_5612;32
s_5613;74
l_5614;36
i_5615;179
z_5616;126
u_5617;34
d_5618;47
o_5619;173
j_5620;99
v_5621;20
a_5622;90
h_5623;121
b_5624;113
o_5625;87
a_5626;196
q_5627;161
s_5628;147
d_5629;178
h_5630;55
d_5631;146
b_5632;183
t_5633;30
r_5634;81
q_5635;13
y_5636;45
y_5637;174
x_5638;27
x_5639;48
d_5640;120
k_5641;155
c_5642;158
f_5643;27
d_5644;54
v_5645;185
j_5646;43
x_5647;161
e_5648;37
p_5649;65
l_5650;21
v_5651;27
g_5652;143
x_5653;109
t_5654;148
h_5655;87
h_5656;133
z_5657;96
q_5658;67
m_5659;108
a_5660;69
b_5661;6
g_5662;49
w_5663;34
j_5664;31
q_5665;183
g_5666;93
j_5667;137
k_5668;138
z_5669;37
u_5670;145
c_5671;137
g_5672;9
l_5673;59
l_5674;137
o_5675;40
f_5676;170
q_5677;100
e_5678;10
z_5679;24
g_5680;107
u_5681;121
q_5682;161
b_5683;72
f_5684;29
s_5685;135
u_5686;194
r_5687;192
l_5688;103
q_5689;75
h_5690;190
l_5691;145
q_5692;113
b_5693;36
d_5694;88
c_5695;202
o_5696;174
c_5697;88
l_5698;58
d_5699;12
v_5700;18
l_5701;153
l_5702;184
m_5703;152
u_5704;47
c_5705;173
q_5706;120
a_5707;110
v_5708;23
p_5709;6
u_5710;128
p_5711;176
h_5712;119
s_5713;177
b_5714;90
w_5715;115
i_5716;117
e_5717;15
z_5718;77
t_5719;139
z_5720;62
e_5721;18
x_5722;194
b_5723;13
u_5724;95
z_5725;170
v_5726;46
o_5727;126
l_5728;191
t_5729;43
n_5730;108
s_5731;169
f_5732;148
i_5733;46
a_5734;31
s_5735;75
x_5736;91
l_5737;152
v_5738;106
y_5739;175
n_5740;159
g_5741;80
r_5742;133
x_5743;57
a_5744;165
a_5745;99
i_5746;26
k_5747;34
z_5748;188
b_5749;82
o_5750;23
u_5751;190
d_5752;149
w_5753;129
m_5754;162
z_5755;76
l_5756;105
j_5757;128
x_5758;39
k_5759;32
k_5760;19
e_5761;132
y_5762;128
p_5763;163
i_5764;84
c_5765;87
l_5766;38
i_5767;157
r_5768;181
s_5769;175
g_5770;127
t_5771;97
t_5772;85
l_5773;42
u_5774;39
d_5775;145
r_5776;40
a_5777;135
l_5778;175
f_5779;194
t_5780;56
y_5781;109
z_5782;14
z_5783;147
j_5784;166
e_5785;140
t_5786;34
g_5787;194
b_5788;120
w_5789;90
p_5790;172
e_5791;39
m_5792;157
b_5793;41
i_5794;91
s_5795;136
j_5796;84
c_5797;9
q_5798;144
u_5799;4
u_5800;182
g_5801;161
m_5802;41
b_5803;179
z_5804;81
f_5805;27
t_5806;56
n_5807;27
u_5808;185
k_5809;200
q_5810;40
s_5811;198
s_5812;97
d_5813;73
d_5814;28
f_5815;59
v_5816;70
x_5817;148
k_5818;189
e_5819;53
p_5820;66
y_5821;105
n_5822;133
i_5823;159
r_5824;9
a_5825;106
w_5826;90
j_5827;53
c_5828;81
y_5829;187
s_5830;87
m_5831;19
p_5832;129
v_5833;74
h_5834;70
t_5835;188
t_5836;99
v_5837;118
u_5838;61
f_5839;6
h_5840;23
q_5841;174
b_5842;109
n_5843;203
e_5844;58
a_5845;176
r_5846;103
n_5847;64
a_5848;68
w_5849;210
d_5850;148
q_5851;67
f_5852;11
l_5853;169
t_5854;70
n_5855;42
m_5856;128
v_5857;182
m_5858;49
u_5859;99
n_5860;84
c_5861;35
f_5862;7
l_5863;8
y_5864;44
n_5865;64
h_5866;146
u_5867;13
g_5868;82
q_5869;13
c_5870;169
k_5871;160
e_5872;77
k_5873;54
l_5874;126
w_5875;20
b_5876;180
p_5877;146
l_5878;78
k_5879;119
w_5880;95
m_5881;54
n_5882;172
b_5883;152
i_5884;24
g_5885;20
k_5886;44
h_5887;179
v_5888;17
z_5889;79
j_5890;121
b_5891;99
z_5892;76
d_5893;72
l_5894;96
h_5895;196
j_5896;104
h_5897;59
l_5898;20
m_5899;153
w_5900;23
c_5901;116
z_5902;35
q_5903;5
m_5904;45
s_5905;196
a_5906;98
s_5907;123
h_5908;11
h_5909;169
x_5910;25
q_5911;6
k_5912;68
r_5913;181
b_5914;40
b_5915;162
b_5916;112
r_5917;64
p_5918;174
w_5919;13
k_5920;57
q_5921;52
m_5922;117
e_5923;191
b_5924;106
b_5925;112
s_5926;112
a_5927;156
d_5928;176
z_5929;200
x_5930;130
c_5931;125
l_5932;65
c_5933;171
n_5934;60
r_5935;44
z_5936;152
p_5937;134
v_5938;122
h_5939;147
d_5940;94
s_5941;159
i_5942;22
j_5943;176
k_5944;155
e_5945;105
f_5946;62
s_5947;142
v_5948;85
s_5949;163
o_5950;143
n_5951;144
f_5952;63
e_5953;134
g_5954;85
a_5955;37
i_5956;77
i_5957;16
f_5958;199
h_5959;130
m_5960;86
v_5961;172
d_5962;146
z_5963;38
e_5964;189
c_5965;141
s_5966;47
o_5967;43
s_5968;65
m_5969;10
a_5970;159
n_5971;181
h_5972;144
u_5973;63
e_5974;110
g_5975;84
z_5976;53
v_5977;140
w_5978;63
a_5979;177
y_5980;132
j_5981;180
x_5982;100
q_5983;174
y_5984;135
z_5985;113
v_5986;188
g_5987;110
p_5988;65
e_5989;83
c_5990;89
g_5991;178
g_5992;39
b_5993;156
r_5994;165
s_5995;23
j_5996;187
g_5997;39
i_5998;86
l_5999;52